split	index	duration_s	ref_source	ref	hyp_parakeet	hyp_parakeet_fp32	raw_parakeet	raw_parakeet_fp32
train	560	13.80	pseudo_label	thì là mọi người sẽ nghĩ là nên lập gia đình hay là nên tiếp tục sống cuộc sống mà mình đang còn nhiều hoài bão mà mình phải đi khám phá mình phải đi thế này thế nọ thì em vẫn đang đấu tranh với cái suy nghĩ đó của em nhưng em nghĩ là cái khả năng của em em không đủ	thì là mọi người sẽ nghĩ là nên lập gia gia đình hay là nên tiếp tục sống cuộc sống mà mình đang còn nhiều hoàião mà mình phải đi khám phá mình phải đi thế này hay nọ thì em vẫn đang đấu tranh với cái suy nghĩ đó của em nhưng em nghĩ là cái khả năng của em em không đủ	thì là mọi người sẽ nghĩ là nên lập gia gia đình hay là nên tiếp tục sống cuộc sống mà mình đang còn nhiều hoàião mà mình phải đi khám phá mình phải đi thế này hay nọ thì em vẫn đang đấu tranh với cái suy nghĩ đó của em nhưng em nghĩ là cái khả năng của em em không đủ	Thì là mọi người sẽ nghĩ là nên lập gia gia đình hay là nên tiếp tục sống cuộc sống mà mình đang còn nhiều hoàião mà mình phải đi khám phá, mình phải đi thế này hay nọ, thì em vẫn đang đấu tranh với cái suy nghĩ đó của em, nhưng em nghĩ là cái khả năng của em em không đủ.	Thì là mọi người sẽ nghĩ là nên lập gia gia đình hay là nên tiếp tục sống cuộc sống mà mình đang còn nhiều hoàião mà mình phải đi khám phá, mình phải đi thế này hay nọ, thì em vẫn đang đấu tranh với cái suy nghĩ đó của em, nhưng em nghĩ là cái khả năng của em em không đủ.
train	9119	14.70	pseudo_label	mình thấy chả bằng ai cả mình thấy kém thấp kém rồi thua thua hết mọi người trong câu chuyện viết nhạc nếu em là con trai hoặc nếu em hai mươi bảy tuổi chắc chắn em sẽ chọn tự do nhưng bởi vì em là phụ nữ nó có những cái nó rất là khó bởi vì	mình th thấy chả bằng ai là mình thấy kém thấp kém rồi thua thuế hết mọi người trong câu chuyện biết nhà nếu em là con trai hoặc nếu em hai mươi bảy tuổi chắc chắn em sẽ chọn tự do nhưng bởi vì em là phụ nữ nó có những cái nó rất là khó bởi vì	mình th thấy chả bằng ai là mình thấy kém thấp kém rồi thua thuế hết mọi người trong câu chuyện biết nhà nếu em là con trai hoặc nếu em hai mươi bảy tuổi chắc chắn em sẽ chọn tự do nhưng bởi vì em là phụ nữ nó có những cái nó rất là khó bởi vì	Mình th thấy chả bằng ai là, Mình thấy kém, thấp kém rồi thua thuế hết mọi người trong câu chuyện biết nhà. Nếu em là con trai hoặc nếu em hai mươi bảy tuổi chắc chắn em sẽ chọn tự do, nhưng bởi vì em là phụ nữ nó có những cái nó rất là khó, bởi vì.	Mình th thấy chả bằng ai là, Mình thấy kém, thấp kém rồi thua thuế hết mọi người trong câu chuyện biết nhà. Nếu em là con trai hoặc nếu em hai mươi bảy tuổi chắc chắn em sẽ chọn tự do, nhưng bởi vì em là phụ nữ nó có những cái nó rất là khó, bởi vì.
train	9126	11.60	pseudo_label	thì nỗi lo của cá nhân mình chỉ lo rằng là đến một ngày cảm xúc mình không còn nữa thôi mình không lo rằng là đủ với người khác mình không lo rằng là đủ rằng là	thì nỗi lo của cá nhân mình chỉ lo rằng là đến một ngày cảm xúc mình không còn nữa thôi m mình không lo rằng là đủ với người khác mình không lo rằng là đủ rằng là	thì nỗi lo của cá nhân mình chỉ lo rằng là đến một ngày cảm xúc mình không còn nữa thôi m mình không lo rằng là đủ với người khác mình không lo rằng là đủ rằng là	Thì nỗi lo của cá nhân mình chỉ lo rằng là đến một ngày cảm xúc mình không còn nữa thôi. M mình không lo rằng là đủ với người khác, mình không lo rằng là đủ rằng là.	Thì nỗi lo của cá nhân mình chỉ lo rằng là đến một ngày cảm xúc mình không còn nữa thôi, M mình không lo rằng là đủ với người khác, mình không lo rằng là đủ rằng là.
train	9127	11.60	pseudo_label	mình viết từ hai không mười hai và đến bây giờ cũng bằng những cái cảm xúc đấy về khán giả chỉ lo một ngày là tự nhiên mất cái cảm xúc đấy đi thì thì như thế nào thành ra là bị thiếu thiếu thì phải đi tìm và tìm thì lên cái chỗ này	nhình nhất từ hai không trăm mười hai và đến bây giờ cũng bằng những cái cảm xúc đấy về khán giả chỉ lo một ngày là tự nhiên mất cái cảm xúc về đi thì thì như thế nào thế thành ra là bị thiếu thiếu phải đi tìm và tìm thì lên cái chỗ này đấy	nhình nhất từ hai không trăm mười hai và đến bây giờ cũng bằng những cái cảm xúc đấy về khán giả chỉ lo một ngày là tự nhiên mất cái cảm xúc để đi thì thì như thế nào thế thành ra là bị thiếu thiếu phải đi tìm và tìm thì lên cái chỗ này đấy	Nhình nhất từ hai không trăm mười hai và đến bây giờ cũng bằng những cái cảm xúc đấy về khán giả, chỉ lo một ngày là tự nhiên mất cái cảm xúc về đi thì thì như thế nào? Thế thành ra là bị thiếu, thiếu phải đi tìm và tìm thì lên cái chỗ này đấy.	Nhình nhất từ hai không trăm mười hai và đến bây giờ cũng bằng những cái cảm xúc đấy về khán giả, chỉ lo một ngày là tự nhiên mất cái cảm xúc để đi thì thì như thế nào? Thế thành ra là bị thiếu, thiếu phải đi tìm và tìm thì lên cái chỗ này đấy.
train	13031	10.30	pseudo_label	nhưng mà sau này thì một cái thứ mà bản thân thì mình học được là nếu mình vất vả vì nó hơn thì mình sướng hơn ừ đúng nên chị		ờ nhưng mà sau này thì một cái thứ mà bản thân thì mình học được là nếu mình vất vả vì nó hơn thì mình sướng hơn ừ đúng nên chị	 ⁇ 	Ờ nhưng mà sau này thì một cái thứ mà bản thân thì mình học được là nếu mình vất vả vì nó hơn thì mình sướng hơn,ừ đúng nên chị.
train	13553	13.40	pseudo_label	trời khi mà khi mà cái game nó được đón nhận có hàng chục triệu hay hàng trăm triệu người sử dụng kiếm được hàng tỷ đô la thì công ty ngay lập tức trở thành một kỳ lâm đó là một cái ví dụ mà huy nghĩ là người việt hoàn toàn		ờ trờiờ khi mà khi mà cái game nó được đón nhận có hàng chục triệu hàng trăm triệu người sử dụng kiếm được hàng tỷ đô la thì công ty ngay lập tức trở thành một kỳ lâm đó là một cái ví dụ mà huy nghĩ là người việt hoàn toàn	 ⁇ 	Ờ trờiờ, khi mà khi mà cái game nó được đón nhận có hàng chục triệu, hàng trăm triệu, người sử dụng kiếm được hàng tỷ đô la thì công ty ngay lập tức trở thành một kỳ lâm, đó là một cái ví dụ mà Huy nghĩ là người Việt hoàn toàn.
train	13569	13.00	pseudo_label	của huy mà người indonesia họ đều quay về nước hết bởi vì lúc đấy chính phủ indonesia có một cuộc cải cách về công nghiệp và mang những người học từ nước ngoài về để cùng xây dựng một cái văn hóa về công nghiệp công nghệ		của huy mà inô neiia họ đều quay về nước hết bởi vì lúc đấy chính phủ in đô nê xi a có một cái cuộc cải cách về công nghiệp và mang những người học từ nước ngoài về để cùng xây dựng một cái văn hóa về công nghiệp công nghệ	 ⁇ 	Của Huy mà Inô neiia họ đều quay về nước hết, bởi vì lúc đấy, chính phủ In đô nê xi a có một cái cuộc cải cách về công nghiệp và mang những người học từ nước ngoài về để cùng xây dựng một cái văn hóa về công nghiệp, công nghệ.
train	14250	13.90	pseudo_label	lúc phỏng vấn anh dịch giả cuốn sách này thì cái case study đấy là nói về một cái chiến dịch của gojec gọi là để không ai bị bỏ lại phía sau thì cái chiến dịch này là chiến dịch mà gojec phối hợp hợp tác với cả đài htv		lúc phỏng vấn anh dịch giả cuốn sách này thì cái cây s ta đi đấy là nói về một cái chiến dịch của cô tráchch gọi là để không ai bị bỏ lại phía sau thì cái chiến dịch này là chiến dịch mà cô tráchch phối hợp hợp tác với cả đài hát tê vê	 ⁇ 	Lúc phỏng vấn anh dịch giả cuốn sách này thì cái cây s ta đi đấy là nói về một cái chiến dịch của cô tráchch gọi là để không ai bị bỏ lại phía sau, thì cái chiến dịch này là chiến dịch mà cô tráchch phối hợp hợp tác với cả đài hát tê vê.
train	22444	13.80	pseudo_label	nó là sân khấu nó phải sân khấu nó thì nó mới đặt lên luôn em đem nó quay hình cô lấy ví dụ như em nói ví dụ như anh lâm sang cũng tạ tốn còn đồ long đao á		nó là sân khấu nó phải sân khấu biết th thì nó mới đặtĩnh luôn em đem nó em quay hình cô nấy ví dụ như em nói ví dụ như anh anh xem đúng tạ tốn còn một đồ đông đau	 ⁇ 	Nó là sân khấu, nó phải sân khấu biết th thì nó mới đặtĩnh luôn Em đem nó em quay hình, cô nấy ví dụ như em nói ví dụ như anh anh xem đúng tạ tốn còn một đồ đông đau.
train	2129	11.90	pseudo_label	tức là cái đấy sau khi mà em làm ba d một thời gian dài á em muốn chuyển qua làm clip reactor thì em có thấy là cái công việc ba d ở việt nam nó có một cái		và cái đấy sau khi mà em làm ba đê một thời gian dài em muốn chuyển qua làmờ rítờ rát tơ thì em có thấy là cái cái công việc ba đê ở việt nam nó có một cái	 ⁇ 	Và cái đấy sau khi mà em làm ba đê một thời gian dài, em muốn chuyển qua làmờ rítờ rát tơ thì em có thấy là cái cái công việc ba đê ở Việt Nam nó có một cái.
train	26277	11.80	pseudo_label	xin chào mọi người chào mừng mọi người đến một tập khác của med hôm nay khách mời của chúng ta là thảo đan thảo đan là một video adis và credit breatter đang ở việt nam thực ra tung biết tới thảo đan gần đây qua dự án music video của suboy		xin chào mọi người chào mừng mọi người đến một tập khác của eme đi h hôm nay khách mời chúng ta là thảo đ thảo đang là một viô o đít và cờ rờ retơ đang ở việt nam thực ra tôi biết tới thảo đ đang gần đây qua dự án mi vidô của su v	 ⁇ 	Xin chào mọi người chào mừng mọi người đến một tập khác của eme đi. H hôm nay, khách mời chúng ta là Thảo Đ, Thảo đang là một viô o đít và Cờ rờ retơ đang ở Việt Nam. Thực ra, tôi biết tới Thảo Đ đang gần đây qua dự án mi vidô của su V.
train	26344	12.70	pseudo_label	à là ba triệu à hai bà trưng s là một trong id justin nhất tại vì thực ra là những thứ họ nói bà triệu hai bà trưng em cứ ngồi ip và tạm thời là hai bà trưng		làà triệu hai bà trưng s là một trong ai đi inu xinh nhất tại vì thực ra là những thứ họ nóià triệu hai bà trưng emọc sông ngon d giải cho b tạm thời làai bà trưng	 ⁇ 	 làà Triệu Hai Bà Trưng S là một trong ai đi inu xinh nhất tại vì thực ra là những thứ họ nóià Triệu Hai Bà Trưng emọc sông ngon d giải cho b tạm thời làai Bà Trưng.
train	41303	13.10	pseudo_label	mình bật mẹ mình luôn chưa bật con mình chưa bao nhiêu bật mẹ mình vài lần trong khoảng hai mươi ngày nay rồi những ngày gần đây thì mình bắt đầu kiềm lại mình thấy nó là		mình bật mẹ mình luôn chưa bật con mình mình chưa có anh mình bật về em mình bật mẹ mình một vài lần trong khoảng hai mươi ngày nay rồi những ngày gần đây thì mình bắt đầu kìm lại mình thấy nó là	 ⁇ 	Mình bật mẹ mình luôn chưa bật con mình, mình chưa có anh mình bật về em mình bật mẹ mình một vài lần trong khoảng hai mươi ngày nay rồi, những ngày gần đây thì mình bắt đầu kìm lại, mình thấy nó là.
train	41312	15.00	pseudo_label	ở nhà và quán xuyến gia đình và giữ tiền nhà mình mình suy nghĩ một chút về mặt giới hạn khi mà có gia đình liệu mình sẽ có một số cái hành động mình muốn nhưng mà mình không thể làm được huy muốn ra nước ngoài huy làm nhưng mà huy đang có vợ đang có con		ở nhà và quán xuyến gia đình và giữ tiền nhà mình mình suy nghĩ một chút về mặt giới hạn khi mà có gia đình liệu mình sẽ có một số cái hành động mình muốn nhưng mà mình không thể làm được huy muốn ra nước ngoài hay làm nhưng mà huy đang có vợ đang có con	 ⁇ 	Ở nhà và quán xuyến, gia đình và giữ tiền nhà mình, mình suy nghĩ một chút về mặt giới hạn, khi mà có gia đình, liệu mình sẽ có một số cái hành động mình muốn, nhưng mà mình không thể làm được Huy muốn ra nước ngoài hay làm, nhưng mà huy đang có vợ, đang có con.
train	41313	14.40	pseudo_label	và vợ con huy đang mong muốn một cuộc sống ổn định thì liệu đó có phải là giới hạn đối với những cái việc mà mình đang mong muốn để phát triển năng lực hay không về bản chất nếu như mình đang không có vợ con mình đang chỉ là mình thôi thì mình hoàn toàn có thể có những cái sự lựa chọn		và vợ con huy đang mong muốn một cuộc sống ổn định thì liệu đó có phải là giới hạn đối với những cái việc mà mình đang mong muốn phát triển năng lượng hay không ề bản chất nếu như mình đang không có vợ con mình đang chỉ là mình thôi thì mình hoàn toàn có thể có những cái sự lựa chọn	 ⁇ 	Và vợ con Huy đang mong muốn một cuộc sống ổn định thì liệu đó có phải là giới hạn đối với những cái việc mà mình đang mong muốn phát triển năng lượng hay không?ề bản chất, nếu như mình đang không có vợ con, mình đang chỉ là mình thôi, thì mình hoàn toàn có thể có những cái sự lựa chọn.
train	54598	12.40	pseudo_label	dựa trên một cái từ có sẵn đó là in dipence thì bây giờ là inter depence tức là chúng ta liên lập với nhau để tồn tại vậy thì có những lúc chúng ta cần tách ra để làm mới chính mình		dựa trên một cái từ có sẵn đó là in đi pen đừn thì bây giờ là in tơ đ đi pen đừn tức là chúng ta liên lập với nhau để tồn tại vậy thì có những lúc chúng ta cần tách ra để làm mới chính mình	 ⁇ 	Dựa trên một cái từ có sẵn đó là in đi pen đừn thì bây giờ là in tơ Đ đi pen Đừn, tức là chúng ta liên lập với nhau để tồn tại, vậy thì có những lúc chúng ta cần tách ra để làm mới chính mình.
train	54599	13.10	pseudo_label	mình làm mới chính mình mình nạp năng lượng đủ đầy mình cảm thấy bình an cảm thấy vui vẻ cảm thấy nhiều năng lượng cảm thấy yêu đời rồi thì mình hãy bước trở ra để kết nối cộng đồng và xã hội bước ra ngoài kia		mình làm mới chính mình mình nạp năng lượng đủ đầy mình cảm thấy bình an cảm thấy vui vẻ cảm thấy nhiều năng lượng cảm thấy yêu đời rồi thì mình hãy bước trở ra để kết nối cộng đồng và xã hội bước ra ngoài kia	 ⁇ 	Mình làm mới chính mình, mình nạp năng lượng đủ đầy, mình cảm thấy bình an, cảm thấy vui vẻ, cảm thấy nhiều năng lượng, cảm thấy yêu đời rồi thì mình hãy bước trở ra để kết nối cộng đồng và xã hội bước ra ngoài kia.
train	57023	13.80	pseudo_label	cái ý thứ hai nữa là sự tổn thương nó giống như một cái vaccine để nâng cao cái hệ miễn dịch của mình nhưng ở đây rất có ý nghĩa là đôi khi mình thấy tổn thương cần thiết để tăng cường một cái sự miễn dịch tinh thần để đối mặt với những thử thách lớn hơn		cái ý thứ hai nữa là sự tổn thương nó giống như một cái vắc xin để nâng cao cái hệ miễn dịch của mình nhưng ở đây nó có ý nghĩa là đôi khi mình thấy tổn thương cần thiết để tăng cường với sự miễn dịch tinh thần để đối mặt với những thử thách lớn hơn	 ⁇ 	Cái ý thứ hai nữa là sự tổn thương nó giống như một cái vắc xin để nâng cao cái hệ miễn dịch của mình, nhưng ở đây nó có ý nghĩa là đôi khi mình thấy tổn thương cần thiết để tăng cường với sự miễn dịch tinh thần để đối mặt với những thử thách lớn hơn.
train	59376	15.00	pseudo_label	trước khi mà dì làm bastori cùng với lại team của mình á thì mình thấy cái văn hóa đi bar còn bị mọi người kỳ thị chứ đừng nói là con gái hay con trai đi qua một mình sau khoảng năm ba bốn năm thì cái văn hóa đi bar bắt đầu mới nở rộ ra nhiều hơn		trước khi mà đến xin làm baơ ri cùng với lại tim của mình á thì mình thấy cái văn hóa đi ba còn bị mọi người kỳ thị chứ đừng nói là con gái hay con trai ba một mình sau khoảng năm bốn ba bốn năm thì cái văn hóa đi ba bắt đầu mới nở rộ ra nhiều hơn	 ⁇ 	Trước khi mà đến xin làm baơ ri cùng với lại tim của mình á thì mình thấy cái văn hóa đi ba còn bị mọi người kỳ thị chứ đừng nói là con gái hay con trai ba một mình sau khoảng năm bốn ba bốn năm thì cái văn hóa đi ba bắt đầu mới nở rộ ra nhiều hơn.
train	60634	12.50	pseudo_label	của cái sản phẩm và cái collection thì khi mà anh de liver ra cái ocop của hình thì anh cũng mong muốn dealer một cái chất khá là tương lai cho cái bộ hình		của cái sản phẩm và k cái cái cái cáio le sừ thì khi mà anh d đi liver ra cái ao khôngô hình thì anh cũng mong muốn đi liver một cái cái chất khá là tương lai cho cái bộ hình	 ⁇ 	Của cái sản phẩm và k cái cái cái cáio le sừ thì khi mà anh d đi liver ra cái ao khôngô hình thì anh cũng mong muốn đi liver một cái cái chất khá là tương lai cho cái bộ hình.
