timestamp, index, utilization.gpu [%], memory.used [MiB], power.draw [W]
2026/10/06 21:31:33.430, 0, 0 %, 0 MiB, 9.56 W
2026/10/06 21:31:33.439, 1, 0 %, 0 MiB, 9.76 W
2026/10/06 21:32:03.452, 0, 0 %, 3 MiB, 10.06 W
2026/10/06 21:32:03.458, 1, 0 %, 3 MiB, 9.46 W
2026/10/06 21:32:33.467, 0, 0 %, 3 MiB, 9.76 W
2026/10/06 21:32:33.473, 1, 0 %, 3 MiB, 9.76 W
2026/10/06 21:33:03.483, 0, 0 %, 3 MiB, 9.96 W
2026/10/06 21:33:03.489, 1, 0 %, 3 MiB, 9.66 W
2026/10/06 21:33:33.498, 0, 0 %, 3 MiB, 9.76 W
2026/10/06 21:33:33.504, 1, 0 %, 3 MiB, 9.36 W
2026/10/06 21:34:03.513, 0, 0 %, 3 MiB, 9.86 W
2026/10/06 21:34:03.584, 1, 0 %, 3 MiB, 9.56 W
2026/10/06 21:34:33.592, 0, 0 %, 3 MiB, 9.86 W
2026/10/06 21:34:33.598, 1, 0 %, 3 MiB, 9.36 W
2026/10/06 21:35:03.608, 0, 0 %, 3 MiB, 9.76 W
2026/10/06 21:35:03.613, 1, 0 %, 3 MiB, 9.56 W
2026/10/06 21:35:33.622, 0, 0 %, 3 MiB, 9.66 W
2026/10/06 21:35:33.634, 1, 0 %, 3 MiB, 9.56 W
2026/10/06 21:36:03.643, 0, 0 %, 3 MiB, 9.86 W
2026/10/06 21:36:03.649, 1, 0 %, 3 MiB, 9.56 W
2026/10/06 21:36:33.658, 0, 0 %, 3 MiB, 10.16 W
2026/10/06 21:36:33.665, 1, 0 %, 3 MiB, 9.46 W
2026/10/06 21:37:03.674, 0, 0 %, 3 MiB, 10.06 W
2026/10/06 21:37:03.681, 1, 0 %, 3 MiB, 9.26 W
2026/10/06 21:37:33.690, 0, 0 %, 3 MiB, 9.76 W
2026/10/06 21:37:33.696, 1, 0 %, 3 MiB, 10.85 W
2026/10/06 21:38:03.705, 0, 0 %, 3 MiB, 9.76 W
2026/10/06 21:38:03.711, 1, 0 %, 3 MiB, 9.76 W
2026/10/06 21:38:33.720, 0, 0 %, 105 MiB, 27.04 W
2026/10/06 21:38:33.724, 1, 0 %, 105 MiB, 26.25 W
2026/10/06 21:39:03.732, 0, 0 %, 3803 MiB, 35.11 W
2026/10/06 21:39:03.735, 1, 0 %, 3803 MiB, 33.82 W
2026/10/06 21:39:33.742, 0, 42 %, 3809 MiB, 32.54 W
2026/10/06 21:39:33.746, 1, 51 %, 3805 MiB, 36.55 W
2026/10/06 21:40:03.753, 0, 1 %, 3809 MiB, 38.03 W
2026/10/06 21:40:03.756, 1, 18 %, 3807 MiB, 38.42 W
2026/10/06 21:40:33.763, 0, 0 %, 3811 MiB, 40.76 W
2026/10/06 21:40:33.767, 1, 0 %, 3809 MiB, 40.66 W
2026/10/06 21:41:03.773, 0, 0 %, 3813 MiB, 43.30 W
2026/10/06 21:41:03.777, 1, 100 %, 3811 MiB, 50.01 W
2026/10/06 21:41:33.784, 0, 41 %, 3815 MiB, 36.86 W
2026/10/06 21:41:33.787, 1, 47 %, 3813 MiB, 39.58 W
2026/10/06 21:42:03.794, 0, 97 %, 3815 MiB, 64.75 W
2026/10/06 21:42:03.801, 1, 91 %, 3815 MiB, 63.97 W
2026/10/06 21:42:33.808, 0, 99 %, 3815 MiB, 62.24 W
2026/10/06 21:42:33.812, 1, 30 %, 3815 MiB, 37.83 W
2026/10/06 21:43:03.819, 0, 64 %, 3815 MiB, 70.25 W
2026/10/06 21:43:03.825, 1, 76 %, 3815 MiB, 65.69 W
2026/10/06 21:43:33.833, 0, 94 %, 3815 MiB, 65.69 W
2026/10/06 21:43:33.840, 1, 94 %, 3819 MiB, 65.59 W
2026/10/06 21:44:03.848, 0, 0 %, 3819 MiB, 44.28 W
2026/10/06 21:44:03.852, 1, 0 %, 3819 MiB, 43.20 W
2026/10/06 21:44:33.859, 0, 95 %, 3819 MiB, 62.34 W
2026/10/06 21:44:33.869, 1, 97 %, 3819 MiB, 67.65 W
2026/10/06 21:45:03.877, 0, 98 %, 3819 MiB, 63.97 W
2026/10/06 21:45:03.882, 1, 98 %, 3819 MiB, 65.34 W
2026/10/06 21:45:33.889, 0, 100 %, 3819 MiB, 50.33 W
2026/10/06 21:45:33.892, 1, 0 %, 3819 MiB, 39.97 W
2026/10/06 21:46:03.900, 0, 100 %, 3819 MiB, 73.29 W
2026/10/06 21:46:03.908, 1, 95 %, 3819 MiB, 55.02 W
2026/10/06 21:46:33.916, 0, 97 %, 3819 MiB, 63.87 W
2026/10/06 21:46:33.926, 1, 98 %, 3819 MiB, 65.44 W
2026/10/06 21:47:03.934, 0, 97 %, 3819 MiB, 68.11 W
2026/10/06 21:47:03.939, 1, 90 %, 3819 MiB, 60.77 W
2026/10/06 21:47:33.949, 0, 100 %, 3819 MiB, 50.33 W
2026/10/06 21:47:33.954, 1, 0 %, 3819 MiB, 42.71 W
2026/10/06 21:48:03.961, 0, 96 %, 3819 MiB, 67.69 W
2026/10/06 21:48:03.969, 1, 89 %, 3819 MiB, 65.10 W
2026/10/06 21:48:33.981, 0, 96 %, 3819 MiB, 70.01 W
2026/10/06 21:48:33.985, 1, 100 %, 3819 MiB, 63.97 W
2026/10/06 21:49:03.994, 0, 94 %, 3819 MiB, 60.32 W
2026/10/06 21:49:03.998, 1, 90 %, 3819 MiB, 60.57 W
2026/10/06 21:49:34.010, 0, 91 %, 3819 MiB, 67.47 W
2026/10/06 21:49:34.014, 1, 98 %, 3819 MiB, 69.42 W
2026/10/06 21:50:04.028, 0, 93 %, 3819 MiB, 64.50 W
2026/10/06 21:50:04.033, 1, 93 %, 3819 MiB, 68.57 W
2026/10/06 21:50:34.042, 0, 98 %, 3819 MiB, 61.79 W
2026/10/06 21:50:34.047, 1, 100 %, 3819 MiB, 58.67 W
2026/10/06 21:51:04.056, 0, 90 %, 3819 MiB, 65.89 W
2026/10/06 21:51:04.066, 1, 97 %, 3819 MiB, 65.71 W
2026/10/06 21:51:34.074, 0, 97 %, 3819 MiB, 62.10 W
2026/10/06 21:51:34.088, 1, 100 %, 3819 MiB, 62.20 W
2026/10/06 21:52:04.103, 0, 96 %, 3819 MiB, 63.97 W
2026/10/06 21:52:04.112, 1, 94 %, 3819 MiB, 66.82 W
2026/10/06 21:52:34.120, 0, 96 %, 3819 MiB, 61.46 W
2026/10/06 21:52:34.125, 1, 97 %, 3819 MiB, 69.37 W
2026/10/06 21:53:04.138, 0, 93 %, 3819 MiB, 57.60 W
2026/10/06 21:53:04.146, 1, 93 %, 3819 MiB, 57.67 W
2026/10/06 21:53:34.153, 0, 90 %, 3819 MiB, 65.98 W
2026/10/06 21:53:34.159, 1, 91 %, 3819 MiB, 68.53 W
2026/10/06 21:54:04.166, 0, 94 %, 3819 MiB, 65.59 W
2026/10/06 21:54:04.178, 1, 94 %, 3819 MiB, 67.61 W
2026/10/06 21:54:34.186, 0, 94 %, 3819 MiB, 57.57 W
2026/10/06 21:54:34.190, 1, 94 %, 3819 MiB, 66.18 W
2026/10/06 21:55:04.198, 0, 100 %, 3819 MiB, 70.93 W
2026/10/06 21:55:04.203, 1, 95 %, 3819 MiB, 68.68 W
2026/10/06 21:55:34.211, 0, 97 %, 3819 MiB, 66.96 W
2026/10/06 21:55:34.219, 1, 98 %, 3819 MiB, 69.32 W
2026/10/06 21:56:04.228, 0, 97 %, 3819 MiB, 67.00 W
2026/10/06 21:56:04.238, 1, 93 %, 3819 MiB, 51.41 W
2026/10/06 21:56:34.246, 0, 99 %, 3819 MiB, 65.34 W
2026/10/06 21:56:34.251, 1, 93 %, 3819 MiB, 57.44 W
2026/10/06 21:57:04.264, 0, 100 %, 3819 MiB, 73.58 W
2026/10/06 21:57:04.269, 1, 94 %, 3819 MiB, 51.65 W
2026/10/06 21:57:34.276, 0, 97 %, 3819 MiB, 73.14 W
2026/10/06 21:57:34.282, 1, 98 %, 3819 MiB, 62.10 W
2026/10/06 21:58:04.291, 0, 92 %, 3819 MiB, 70.69 W
2026/10/06 21:58:04.295, 1, 91 %, 3819 MiB, 66.46 W
2026/10/06 21:58:34.302, 0, 97 %, 3821 MiB, 67.65 W
2026/10/06 21:58:34.307, 1, 99 %, 3825 MiB, 66.92 W
2026/10/06 21:59:04.316, 0, 97 %, 3821 MiB, 67.26 W
2026/10/06 21:59:04.321, 1, 97 %, 3825 MiB, 68.77 W
2026/10/06 21:59:34.331, 0, 93 %, 3821 MiB, 65.24 W
2026/10/06 21:59:34.335, 1, 100 %, 3825 MiB, 64.96 W
2026/10/06 22:00:04.348, 0, 98 %, 3821 MiB, 63.03 W
2026/10/06 22:00:04.357, 1, 93 %, 3825 MiB, 64.65 W
2026/10/06 22:00:34.368, 0, 95 %, 3821 MiB, 70.40 W
2026/10/06 22:00:34.377, 1, 100 %, 3825 MiB, 85.01 W
2026/10/06 22:01:04.385, 0, 99 %, 3821 MiB, 64.20 W
2026/10/06 22:01:04.390, 1, 98 %, 3825 MiB, 72.10 W
2026/10/06 22:01:34.400, 0, 99 %, 3821 MiB, 60.02 W
2026/10/06 22:01:34.406, 1, 98 %, 3825 MiB, 67.55 W
2026/10/06 22:02:04.413, 0, 93 %, 3821 MiB, 65.79 W
2026/10/06 22:02:04.418, 1, 94 %, 3825 MiB, 68.92 W
2026/10/06 22:02:34.425, 0, 94 %, 3821 MiB, 66.67 W
2026/10/06 22:02:34.433, 1, 96 %, 3825 MiB, 59.73 W
2026/10/06 22:03:04.441, 0, 100 %, 3821 MiB, 65.97 W
2026/10/06 22:03:04.450, 1, 93 %, 3825 MiB, 87.03 W
2026/10/06 22:03:34.464, 0, 94 %, 3821 MiB, 60.48 W
2026/10/06 22:03:34.469, 1, 97 %, 3825 MiB, 65.36 W
2026/10/06 22:04:04.479, 0, 90 %, 3821 MiB, 59.43 W
2026/10/06 22:04:04.483, 1, 91 %, 3825 MiB, 54.76 W
2026/10/06 22:04:34.495, 0, 91 %, 3821 MiB, 65.79 W
2026/10/06 22:04:34.500, 1, 91 %, 3825 MiB, 66.73 W
2026/10/06 22:05:04.513, 0, 94 %, 3821 MiB, 66.56 W
2026/10/06 22:05:04.518, 1, 93 %, 3825 MiB, 82.52 W
2026/10/06 22:05:34.526, 0, 100 %, 3821 MiB, 68.98 W
2026/10/06 22:05:34.531, 1, 94 %, 3825 MiB, 75.73 W
2026/10/06 22:06:04.541, 0, 95 %, 3821 MiB, 64.16 W
2026/10/06 22:06:04.547, 1, 94 %, 3825 MiB, 58.75 W
2026/10/06 22:06:34.558, 0, 91 %, 3821 MiB, 70.10 W
2026/10/06 22:06:34.562, 1, 91 %, 3825 MiB, 66.29 W
2026/10/06 22:07:04.569, 0, 96 %, 3821 MiB, 61.26 W
2026/10/06 22:07:04.574, 1, 97 %, 3825 MiB, 69.17 W
2026/10/06 22:07:34.582, 0, 97 %, 3821 MiB, 71.02 W
2026/10/06 22:07:34.590, 1, 99 %, 3825 MiB, 67.70 W
2026/10/06 22:08:04.599, 0, 93 %, 3821 MiB, 63.42 W
2026/10/06 22:08:04.609, 1, 90 %, 3825 MiB, 65.00 W
2026/10/06 22:08:34.617, 0, 93 %, 3821 MiB, 73.03 W
2026/10/06 22:08:34.622, 1, 92 %, 3825 MiB, 65.24 W
2026/10/06 22:09:04.629, 0, 96 %, 3821 MiB, 60.97 W
2026/10/06 22:09:04.634, 1, 100 %, 3825 MiB, 65.59 W
2026/10/06 22:09:34.647, 0, 100 %, 3821 MiB, 73.43 W
2026/10/06 22:09:34.653, 1, 94 %, 3825 MiB, 74.85 W
2026/10/06 22:10:04.664, 0, 93 %, 3821 MiB, 66.86 W
2026/10/06 22:10:04.669, 1, 90 %, 3825 MiB, 65.14 W
2026/10/06 22:10:34.681, 0, 93 %, 3821 MiB, 64.30 W
2026/10/06 22:10:34.686, 1, 97 %, 3825 MiB, 72.02 W
2026/10/06 22:11:04.694, 0, 92 %, 3821 MiB, 65.44 W
2026/10/06 22:11:04.701, 1, 94 %, 3825 MiB, 61.36 W
2026/10/06 22:11:34.710, 0, 93 %, 3821 MiB, 70.40 W
2026/10/06 22:11:34.719, 1, 97 %, 3825 MiB, 66.08 W
2026/10/06 22:12:04.728, 0, 93 %, 3821 MiB, 60.48 W
2026/10/06 22:12:04.733, 1, 94 %, 3825 MiB, 86.94 W
2026/10/06 22:12:34.744, 0, 93 %, 3821 MiB, 59.17 W
2026/10/06 22:12:34.750, 1, 98 %, 3825 MiB, 81.69 W
2026/10/06 22:13:04.761, 0, 100 %, 3821 MiB, 61.59 W
2026/10/06 22:13:04.766, 1, 99 %, 3825 MiB, 61.75 W
2026/10/06 22:13:34.773, 0, 91 %, 3821 MiB, 67.47 W
2026/10/06 22:13:34.779, 1, 93 %, 3825 MiB, 52.73 W
2026/10/06 22:14:04.786, 0, 91 %, 3821 MiB, 63.22 W
2026/10/06 22:14:04.794, 1, 92 %, 3825 MiB, 70.55 W
2026/10/06 22:14:34.805, 0, 91 %, 3821 MiB, 67.54 W
2026/10/06 22:14:34.809, 1, 90 %, 3825 MiB, 67.94 W
2026/10/06 22:15:04.821, 0, 91 %, 3821 MiB, 65.20 W
2026/10/06 22:15:04.830, 1, 90 %, 3825 MiB, 65.98 W
2026/10/06 22:15:34.840, 0, 92 %, 3821 MiB, 61.55 W
2026/10/06 22:15:34.844, 1, 92 %, 3825 MiB, 70.84 W
2026/10/06 22:16:04.853, 0, 100 %, 3821 MiB, 70.84 W
2026/10/06 22:16:04.865, 1, 100 %, 3825 MiB, 70.11 W
2026/10/06 22:16:34.873, 0, 98 %, 3821 MiB, 70.19 W
2026/10/06 22:16:34.879, 1, 97 %, 3825 MiB, 69.07 W
2026/10/06 22:17:04.886, 0, 92 %, 3821 MiB, 64.30 W
2026/10/06 22:17:04.892, 1, 91 %, 3825 MiB, 63.83 W
2026/10/06 22:17:34.900, 0, 100 %, 3821 MiB, 71.17 W
2026/10/06 22:17:34.905, 1, 94 %, 3825 MiB, 65.49 W
2026/10/06 22:18:04.918, 0, 97 %, 3821 MiB, 63.12 W
2026/10/06 22:18:04.924, 1, 98 %, 3825 MiB, 68.53 W
2026/10/06 22:18:34.935, 0, 97 %, 3821 MiB, 66.22 W
2026/10/06 22:18:34.940, 1, 91 %, 3825 MiB, 67.61 W
2026/10/06 22:19:04.948, 0, 97 %, 3821 MiB, 69.41 W
2026/10/06 22:19:04.956, 1, 99 %, 3825 MiB, 66.82 W
2026/10/06 22:19:34.966, 0, 92 %, 3821 MiB, 64.36 W
2026/10/06 22:19:34.975, 1, 98 %, 3825 MiB, 66.96 W
2026/10/06 22:20:04.982, 0, 90 %, 3821 MiB, 65.93 W
2026/10/06 22:20:04.987, 1, 93 %, 3825 MiB, 54.72 W
2026/10/06 22:20:34.996, 0, 93 %, 3821 MiB, 78.91 W
2026/10/06 22:20:35.000, 1, 99 %, 3825 MiB, 59.01 W
2026/10/06 22:21:05.013, 0, 92 %, 3821 MiB, 73.19 W
2026/10/06 22:21:05.026, 1, 100 %, 3825 MiB, 67.90 W
2026/10/06 22:21:35.035, 0, 99 %, 3821 MiB, 67.94 W
2026/10/06 22:21:35.043, 1, 92 %, 3825 MiB, 64.95 W
2026/10/06 22:22:05.052, 0, 98 %, 3821 MiB, 47.28 W
2026/10/06 22:22:05.060, 1, 99 %, 3825 MiB, 66.04 W
2026/10/06 22:22:35.068, 0, 97 %, 3821 MiB, 63.38 W
2026/10/06 22:22:35.073, 1, 92 %, 3825 MiB, 67.16 W
2026/10/06 22:23:05.086, 0, 96 %, 3821 MiB, 69.03 W
2026/10/06 22:23:05.092, 1, 92 %, 3825 MiB, 63.53 W
2026/10/06 22:23:35.103, 0, 93 %, 3821 MiB, 59.37 W
2026/10/06 22:23:35.112, 1, 92 %, 3825 MiB, 58.02 W
2026/10/06 22:24:05.119, 0, 89 %, 3821 MiB, 73.92 W
2026/10/06 22:24:05.128, 1, 91 %, 3825 MiB, 76.37 W
2026/10/06 22:24:35.136, 0, 100 %, 3821 MiB, 65.93 W
2026/10/06 22:24:35.146, 1, 92 %, 3825 MiB, 55.74 W
2026/10/06 22:25:05.153, 0, 94 %, 3821 MiB, 61.40 W
2026/10/06 22:25:05.160, 1, 99 %, 3825 MiB, 67.16 W
2026/10/06 22:25:35.168, 0, 100 %, 3821 MiB, 77.49 W
2026/10/06 22:25:35.175, 1, 94 %, 3825 MiB, 70.60 W
2026/10/06 22:26:05.195, 0, 96 %, 3821 MiB, 64.36 W
2026/10/06 22:26:05.200, 1, 100 %, 3825 MiB, 68.53 W
2026/10/06 22:26:35.209, 0, 98 %, 3821 MiB, 65.38 W
2026/10/06 22:26:35.214, 1, 90 %, 3825 MiB, 68.44 W
2026/10/06 22:27:05.221, 0, 93 %, 3821 MiB, 67.83 W
2026/10/06 22:27:05.226, 1, 100 %, 3825 MiB, 85.81 W
2026/10/06 22:27:35.234, 0, 98 %, 3821 MiB, 64.12 W
2026/10/06 22:27:35.238, 1, 96 %, 3825 MiB, 67.96 W
2026/10/06 22:28:05.246, 0, 92 %, 3821 MiB, 71.96 W
2026/10/06 22:28:05.259, 1, 93 %, 3825 MiB, 61.16 W
2026/10/06 22:28:35.267, 0, 98 %, 3821 MiB, 59.63 W
2026/10/06 22:28:35.272, 1, 98 %, 3825 MiB, 67.49 W
2026/10/06 22:29:05.281, 0, 91 %, 3821 MiB, 65.65 W
2026/10/06 22:29:05.289, 1, 90 %, 3825 MiB, 62.93 W
2026/10/06 22:29:35.299, 0, 99 %, 3823 MiB, 69.17 W
2026/10/06 22:29:35.304, 1, 98 %, 3825 MiB, 67.59 W
2026/10/06 22:30:05.313, 0, 97 %, 3823 MiB, 68.88 W
2026/10/06 22:30:05.323, 1, 100 %, 3825 MiB, 75.29 W
2026/10/06 22:30:35.332, 0, 98 %, 3823 MiB, 67.75 W
2026/10/06 22:30:35.337, 1, 97 %, 3825 MiB, 58.85 W
2026/10/06 22:31:05.351, 0, 93 %, 3823 MiB, 58.29 W
2026/10/06 22:31:05.358, 1, 94 %, 3825 MiB, 71.87 W
2026/10/06 22:31:35.365, 0, 90 %, 3823 MiB, 64.30 W
2026/10/06 22:31:35.370, 1, 91 %, 3825 MiB, 67.61 W
2026/10/06 22:32:05.377, 0, 91 %, 3823 MiB, 64.16 W
2026/10/06 22:32:05.388, 1, 92 %, 3825 MiB, 63.48 W
2026/10/06 22:32:35.396, 0, 99 %, 3823 MiB, 52.27 W
2026/10/06 22:32:35.401, 1, 100 %, 3825 MiB, 60.61 W
2026/10/06 22:33:05.412, 0, 93 %, 3823 MiB, 59.33 W
2026/10/06 22:33:05.419, 1, 92 %, 3825 MiB, 65.85 W
2026/10/06 22:33:35.426, 0, 100 %, 3823 MiB, 62.83 W
2026/10/06 22:33:35.431, 1, 95 %, 3825 MiB, 56.82 W
2026/10/06 22:34:05.440, 0, 100 %, 3823 MiB, 79.44 W
2026/10/06 22:34:05.447, 1, 100 %, 3825 MiB, 68.10 W
2026/10/06 22:34:35.459, 0, 99 %, 3823 MiB, 55.08 W
2026/10/06 22:34:35.464, 1, 100 %, 3825 MiB, 77.10 W
2026/10/06 22:35:05.475, 0, 92 %, 3823 MiB, 67.35 W
2026/10/06 22:35:05.480, 1, 90 %, 3825 MiB, 69.72 W
2026/10/06 22:35:35.487, 0, 91 %, 3823 MiB, 61.59 W
2026/10/06 22:35:35.492, 1, 94 %, 3825 MiB, 62.93 W
2026/10/06 22:36:05.505, 0, 93 %, 3823 MiB, 52.59 W
2026/10/06 22:36:05.510, 1, 100 %, 3825 MiB, 69.90 W
2026/10/06 22:36:35.517, 0, 0 %, 3823 MiB, 37.55 W
2026/10/06 22:36:35.521, 1, 100 %, 3825 MiB, 49.35 W
2026/10/06 22:37:05.528, 0, 100 %, 3823 MiB, 65.10 W
2026/10/06 22:37:05.533, 1, 98 %, 3825 MiB, 64.20 W
2026/10/06 22:37:35.545, 0, 93 %, 3823 MiB, 68.33 W
2026/10/06 22:37:35.551, 1, 96 %, 3825 MiB, 78.42 W
2026/10/06 22:38:05.559, 0, 90 %, 3823 MiB, 59.53 W
2026/10/06 22:38:05.563, 1, 100 %, 3825 MiB, 55.28 W
2026/10/06 22:38:35.573, 0, 97 %, 3823 MiB, 68.18 W
2026/10/06 22:38:35.578, 1, 99 %, 3831 MiB, 68.88 W
2026/10/06 22:39:05.586, 0, 97 %, 3823 MiB, 67.61 W
2026/10/06 22:39:05.591, 1, 97 %, 3831 MiB, 66.82 W
2026/10/06 22:39:35.598, 0, 99 %, 3823 MiB, 37.36 W
2026/10/06 22:39:35.607, 1, 100 %, 3831 MiB, 49.05 W
2026/10/06 22:40:05.614, 0, 100 %, 3823 MiB, 76.42 W
2026/10/06 22:40:05.621, 1, 93 %, 3831 MiB, 79.54 W
2026/10/06 22:40:35.629, 0, 96 %, 3823 MiB, 60.61 W
2026/10/06 22:40:35.634, 1, 100 %, 3831 MiB, 67.16 W
2026/10/06 22:41:05.641, 0, 92 %, 3823 MiB, 65.67 W
2026/10/06 22:41:05.646, 1, 90 %, 3831 MiB, 70.26 W
2026/10/06 22:41:35.653, 0, 99 %, 3823 MiB, 61.06 W
2026/10/06 22:41:35.665, 1, 95 %, 3831 MiB, 62.38 W
2026/10/06 22:42:05.673, 0, 90 %, 3823 MiB, 62.47 W
2026/10/06 22:42:05.677, 1, 98 %, 3831 MiB, 61.32 W
2026/10/06 22:42:35.688, 0, 99 %, 3823 MiB, 61.62 W
2026/10/06 22:42:35.698, 1, 94 %, 3831 MiB, 69.18 W
2026/10/06 22:43:05.712, 0, 94 %, 3823 MiB, 59.47 W
2026/10/06 22:43:05.717, 1, 94 %, 3831 MiB, 69.76 W
2026/10/06 22:43:35.726, 0, 91 %, 3823 MiB, 60.12 W
2026/10/06 22:43:35.738, 1, 93 %, 3831 MiB, 68.78 W
2026/10/06 22:44:05.750, 0, 91 %, 3823 MiB, 67.65 W
2026/10/06 22:44:05.760, 1, 90 %, 3831 MiB, 62.93 W
2026/10/06 22:44:35.766, 0, 97 %, 3823 MiB, 62.63 W
2026/10/06 22:44:35.776, 1, 97 %, 3831 MiB, 66.96 W
2026/10/06 22:45:05.784, 0, 94 %, 3823 MiB, 78.37 W
2026/10/06 22:45:05.790, 1, 94 %, 3831 MiB, 80.27 W
2026/10/06 22:45:35.804, 0, 100 %, 3823 MiB, 67.26 W
2026/10/06 22:45:35.813, 1, 100 %, 3831 MiB, 62.30 W
2026/10/06 22:46:05.828, 0, 92 %, 3823 MiB, 63.61 W
2026/10/06 22:46:05.832, 1, 96 %, 3831 MiB, 65.49 W
2026/10/06 22:46:35.844, 0, 100 %, 3823 MiB, 54.07 W
2026/10/06 22:46:35.852, 1, 97 %, 3831 MiB, 72.89 W
2026/10/06 22:47:05.861, 0, 92 %, 3823 MiB, 57.90 W
2026/10/06 22:47:05.866, 1, 90 %, 3831 MiB, 64.26 W
2026/10/06 22:47:35.876, 0, 100 %, 3823 MiB, 62.01 W
2026/10/06 22:47:35.881, 1, 100 %, 3831 MiB, 49.15 W
2026/10/06 22:48:05.889, 0, 93 %, 3823 MiB, 58.88 W
2026/10/06 22:48:05.896, 1, 91 %, 3831 MiB, 76.46 W
2026/10/06 22:48:35.904, 0, 100 %, 3823 MiB, 65.69 W
2026/10/06 22:48:35.909, 1, 93 %, 3831 MiB, 68.78 W
2026/10/06 22:49:05.923, 0, 89 %, 3823 MiB, 65.63 W
2026/10/06 22:49:05.931, 1, 98 %, 3831 MiB, 69.47 W
2026/10/06 22:49:35.938, 0, 94 %, 3823 MiB, 62.34 W
2026/10/06 22:49:35.946, 1, 98 %, 3831 MiB, 66.71 W
2026/10/06 22:50:05.954, 0, 90 %, 3823 MiB, 70.05 W
2026/10/06 22:50:05.960, 1, 97 %, 3831 MiB, 63.97 W
2026/10/06 22:50:35.967, 0, 100 %, 3823 MiB, 68.08 W
2026/10/06 22:50:35.971, 1, 98 %, 3831 MiB, 77.79 W
2026/10/06 22:51:05.979, 0, 100 %, 3823 MiB, 63.71 W
2026/10/06 22:51:05.983, 1, 97 %, 3831 MiB, 66.08 W
2026/10/06 22:51:35.994, 0, 90 %, 3823 MiB, 69.21 W
2026/10/06 22:51:36.000, 1, 95 %, 3831 MiB, 65.36 W
2026/10/06 22:52:06.014, 0, 89 %, 3823 MiB, 58.88 W
2026/10/06 22:52:06.024, 1, 94 %, 3831 MiB, 65.98 W
2026/10/06 22:52:36.032, 0, 92 %, 3823 MiB, 64.75 W
2026/10/06 22:52:36.037, 1, 94 %, 3831 MiB, 61.46 W
2026/10/06 22:53:06.045, 0, 93 %, 3823 MiB, 65.24 W
2026/10/06 22:53:06.058, 1, 93 %, 3831 MiB, 57.60 W
2026/10/06 22:53:36.066, 0, 85 %, 3823 MiB, 63.08 W
2026/10/06 22:53:36.076, 1, 90 %, 3831 MiB, 71.77 W
2026/10/06 22:54:06.084, 0, 97 %, 3823 MiB, 66.38 W
2026/10/06 22:54:06.095, 1, 100 %, 3831 MiB, 70.93 W
2026/10/06 22:54:36.107, 0, 98 %, 3823 MiB, 60.38 W
2026/10/06 22:54:36.111, 1, 98 %, 3831 MiB, 63.63 W
2026/10/06 22:55:06.123, 0, 97 %, 3823 MiB, 61.06 W
2026/10/06 22:55:06.127, 1, 97 %, 3831 MiB, 65.16 W
2026/10/06 22:55:36.138, 0, 97 %, 3823 MiB, 60.61 W
2026/10/06 22:55:36.142, 1, 97 %, 3831 MiB, 60.32 W
2026/10/06 22:56:06.155, 0, 94 %, 3823 MiB, 55.48 W
2026/10/06 22:56:06.163, 1, 94 %, 3831 MiB, 59.95 W
2026/10/06 22:56:36.178, 0, 100 %, 3823 MiB, 49.81 W
2026/10/06 22:56:36.185, 1, 95 %, 3831 MiB, 69.86 W
2026/10/06 22:57:06.193, 0, 92 %, 3823 MiB, 61.69 W
2026/10/06 22:57:06.199, 1, 97 %, 3831 MiB, 60.57 W
2026/10/06 22:57:36.207, 0, 99 %, 3823 MiB, 64.00 W
2026/10/06 22:57:36.211, 1, 97 %, 3831 MiB, 67.90 W
2026/10/06 22:58:06.222, 0, 100 %, 3823 MiB, 63.08 W
2026/10/06 22:58:06.227, 1, 97 %, 3831 MiB, 63.05 W
2026/10/06 22:58:36.235, 0, 97 %, 3823 MiB, 61.16 W
2026/10/06 22:58:36.239, 1, 93 %, 3831 MiB, 72.61 W
2026/10/06 22:59:06.247, 0, 98 %, 3823 MiB, 65.79 W
2026/10/06 22:59:06.256, 1, 99 %, 3831 MiB, 71.87 W
2026/10/06 22:59:36.268, 0, 97 %, 3823 MiB, 68.24 W
2026/10/06 22:59:36.279, 1, 95 %, 3831 MiB, 63.14 W
2026/10/06 23:00:06.290, 0, 98 %, 3823 MiB, 62.24 W
2026/10/06 23:00:06.299, 1, 94 %, 3831 MiB, 62.50 W
2026/10/06 23:00:36.308, 0, 100 %, 3823 MiB, 53.28 W
2026/10/06 23:00:36.313, 1, 94 %, 3831 MiB, 52.10 W
2026/10/06 23:01:06.326, 0, 90 %, 3823 MiB, 63.63 W
2026/10/06 23:01:06.331, 1, 89 %, 3831 MiB, 69.61 W
2026/10/06 23:01:36.341, 0, 95 %, 3823 MiB, 65.89 W
2026/10/06 23:01:36.346, 1, 99 %, 3831 MiB, 62.59 W
2026/10/06 23:02:06.354, 0, 100 %, 3823 MiB, 51.12 W
2026/10/06 23:02:06.359, 1, 94 %, 3831 MiB, 64.03 W
2026/10/06 23:02:36.367, 0, 100 %, 3823 MiB, 77.59 W
2026/10/06 23:02:36.378, 1, 90 %, 3831 MiB, 71.52 W
2026/10/06 23:03:06.386, 0, 99 %, 3823 MiB, 52.66 W
2026/10/06 23:03:06.391, 1, 100 %, 3831 MiB, 73.87 W
2026/10/06 23:03:36.408, 0, 100 %, 3823 MiB, 69.07 W
2026/10/06 23:03:36.416, 1, 90 %, 3831 MiB, 71.28 W
2026/10/06 23:04:06.430, 0, 100 %, 3823 MiB, 64.59 W
2026/10/06 23:04:06.435, 1, 100 %, 3831 MiB, 63.32 W
2026/10/06 23:04:36.452, 0, 98 %, 3823 MiB, 65.79 W
2026/10/06 23:04:36.457, 1, 97 %, 3831 MiB, 66.53 W
2026/10/06 23:05:06.467, 0, 93 %, 3823 MiB, 65.79 W
2026/10/06 23:05:06.472, 1, 94 %, 3831 MiB, 49.25 W
2026/10/06 23:05:36.482, 0, 96 %, 3823 MiB, 62.63 W
2026/10/06 23:05:36.487, 1, 97 %, 3831 MiB, 72.17 W
2026/10/06 23:06:06.494, 0, 100 %, 3823 MiB, 63.03 W
2026/10/06 23:06:06.503, 1, 100 %, 3831 MiB, 63.91 W
2026/10/06 23:06:36.510, 0, 94 %, 3823 MiB, 78.91 W
2026/10/06 23:06:36.515, 1, 94 %, 3831 MiB, 79.98 W
2026/10/06 23:07:06.524, 0, 100 %, 3823 MiB, 57.51 W
2026/10/06 23:07:06.535, 1, 95 %, 3831 MiB, 63.05 W
2026/10/06 23:07:36.546, 0, 100 %, 3823 MiB, 60.71 W
2026/10/06 23:07:36.559, 1, 100 %, 3831 MiB, 69.76 W
2026/10/06 23:08:06.576, 0, 94 %, 3823 MiB, 56.40 W
2026/10/06 23:08:06.581, 1, 93 %, 3831 MiB, 67.75 W
2026/10/06 23:08:36.588, 0, 92 %, 3823 MiB, 68.18 W
2026/10/06 23:08:36.599, 1, 91 %, 3831 MiB, 60.41 W
2026/10/06 23:09:06.608, 0, 98 %, 3823 MiB, 71.76 W
2026/10/06 23:09:06.618, 1, 100 %, 3831 MiB, 57.96 W
2026/10/06 23:09:36.630, 0, 94 %, 3823 MiB, 57.90 W
2026/10/06 23:09:36.636, 1, 100 %, 3831 MiB, 66.49 W
2026/10/06 23:10:06.647, 0, 100 %, 3823 MiB, 79.35 W
2026/10/06 23:10:06.661, 1, 96 %, 3831 MiB, 86.80 W
2026/10/06 23:10:36.675, 0, 100 %, 3823 MiB, 65.30 W
2026/10/06 23:10:36.687, 1, 99 %, 3831 MiB, 65.98 W
2026/10/06 23:11:06.699, 0, 98 %, 3823 MiB, 67.08 W
2026/10/06 23:11:06.704, 1, 92 %, 3831 MiB, 65.40 W
2026/10/06 23:11:36.711, 0, 100 %, 3823 MiB, 61.30 W
2026/10/06 23:11:36.717, 1, 99 %, 3831 MiB, 72.31 W
2026/10/06 23:12:06.725, 0, 91 %, 3823 MiB, 67.06 W
2026/10/06 23:12:06.735, 1, 93 %, 3831 MiB, 54.89 W
2026/10/06 23:12:36.742, 0, 92 %, 3823 MiB, 61.46 W
2026/10/06 23:12:36.746, 1, 91 %, 3831 MiB, 62.89 W
2026/10/06 23:13:06.754, 0, 90 %, 3823 MiB, 65.28 W
2026/10/06 23:13:06.759, 1, 93 %, 3831 MiB, 70.44 W
2026/10/06 23:13:36.773, 0, 97 %, 3823 MiB, 67.41 W
2026/10/06 23:13:36.781, 1, 96 %, 3831 MiB, 69.77 W
2026/10/06 23:14:06.790, 0, 94 %, 3823 MiB, 60.08 W
2026/10/06 23:14:06.794, 1, 92 %, 3831 MiB, 64.32 W
2026/10/06 23:14:36.805, 0, 91 %, 3823 MiB, 63.93 W
2026/10/06 23:14:36.817, 1, 93 %, 3831 MiB, 70.01 W
2026/10/06 23:15:06.825, 0, 94 %, 3823 MiB, 61.95 W
2026/10/06 23:15:06.829, 1, 93 %, 3831 MiB, 68.39 W
2026/10/06 23:15:36.837, 0, 100 %, 3823 MiB, 70.84 W
2026/10/06 23:15:36.841, 1, 100 %, 3831 MiB, 70.74 W
2026/10/06 23:16:06.849, 0, 99 %, 3823 MiB, 66.38 W
2026/10/06 23:16:06.853, 1, 95 %, 3831 MiB, 64.75 W
2026/10/06 23:16:36.863, 0, 95 %, 3823 MiB, 62.93 W
2026/10/06 23:16:36.870, 1, 96 %, 3831 MiB, 65.34 W
2026/10/06 23:17:06.878, 0, 99 %, 3823 MiB, 60.28 W
2026/10/06 23:17:06.885, 1, 100 %, 3831 MiB, 50.72 W
2026/10/06 23:17:36.897, 0, 93 %, 3823 MiB, 59.83 W
2026/10/06 23:17:36.908, 1, 92 %, 3831 MiB, 64.51 W
2026/10/06 23:18:06.916, 0, 92 %, 3823 MiB, 51.55 W
2026/10/06 23:18:06.920, 1, 100 %, 3831 MiB, 72.11 W
2026/10/06 23:18:36.930, 0, 94 %, 3823 MiB, 71.81 W
2026/10/06 23:18:36.934, 1, 100 %, 3831 MiB, 46.33 W
2026/10/06 23:19:06.949, 0, 97 %, 3823 MiB, 67.06 W
2026/10/06 23:19:06.953, 1, 97 %, 3831 MiB, 72.85 W
2026/10/06 23:19:36.968, 0, 98 %, 3823 MiB, 58.35 W
2026/10/06 23:19:36.977, 1, 100 %, 3831 MiB, 49.05 W
2026/10/06 23:20:06.984, 0, 0 %, 3807 MiB, 33.15 W
2026/10/06 23:20:06.988, 1, 0 %, 3815 MiB, 30.88 W
